COMMUNE_NOM,SEXE,YEAR,POP65PLUS,PERC65PLUS
Beaufort,F,2020,183.0,0.1978592280246513
Beaufort,F,2021,186.0,0.1963558051643688
Beaufort,F,2022,203.0,0.2079981966658811
Beaufort,F,2023,206.0,0.2052549246236162
Beaufort,F,2024,210.0,0.2022342064714946
Beaufort,F,2025,219.0,0.2060129440096327
Beaufort,M,2020,151.0,0.163260893069521
Beaufort,M,2021,160.0,0.1689082194962312
Beaufort,M,2022,170.0,0.1741856819369447
Beaufort,M,2023,168.0,0.1673923657124637
Beaufort,M,2024,177.0,0.1704545454545454
Beaufort,M,2025,182.0,0.171207104154124
Bech,F,2020,99.0,0.1070385987674343
Bech,F,2021,103.0,0.1087346663006988
Bech,F,2022,111.0,0.1137330040882404
Bech,F,2023,117.0,0.1165768261211801
Bech,F,2024,121.0,0.1165254237288135
Bech,F,2025,123.0,0.1157059000602047
Bech,M,2020,100.0,0.1081197967347821
Bech,M,2021,102.0,0.1076789899288474
Bech,M,2022,101.0,0.1034867875037142
Bech,M,2023,101.0,0.1006346960533264
Bech,M,2024,112.0,0.1078582434514637
Bech,M,2025,119.0,0.1119431065623118
Beckerich,F,2020,189.0,0.2043464158287382
Beckerich,F,2021,194.0,0.2048012161391803
Beckerich,F,2022,210.0,0.2151705482750494
Beckerich,F,2023,218.0,0.2172115221745065
Beckerich,F,2024,236.0,0.2272727272727272
Beckerich,F,2025,246.0,0.2314118001204094
Beckerich,M,2020,169.0,0.1827224564817818
Beckerich,M,2021,180.0,0.1900217469332601
Beckerich,M,2022,183.0,0.1875057634968288
Beckerich,M,2023,199.0,0.1982802427189302
Beckerich,M,2024,218.0,0.2099383667180277
Beckerich,M,2025,238.0,0.2238862131246237
Berdorf,F,2020,153.0,0.1654232890042166
Berdorf,F,2021,166.0,0.1752422777273399
Berdorf,F,2022,171.0,0.1752103035953974
Berdorf,F,2023,177.0,0.1763598138756314
Berdorf,F,2024,190.0,0.1829738058551618
Berdorf,F,2025,191.0,0.1796733895243829
Berdorf,M,2020,135.0,0.1459617255919559
Berdorf,M,2021,129.0,0.1361822519688364
Berdorf,M,2022,129.0,0.1321761939403875
Berdorf,M,2023,133.0,0.1325189561890338
Berdorf,M,2024,147.0,0.1415639445300462
Berdorf,M,2025,153.0,0.1439268512944009
Bertrange,F,2020,783.0,0.8465780084333442
Bertrange,F,2021,811.0,0.8561535375715221
Bertrange,F,2022,830.0,0.8504359765156715
Bertrange,F,2023,824.0,0.8210196984944651
Bertrange,F,2024,867.0,0.8349383667180278
Bertrange,F,2025,877.0,0.8249924744130043
Bertrange,M,2020,651.0,0.7038598767434318
Bertrange,M,2021,668.0,0.7051918163967654
Bertrange,M,2022,675.0,0.6916196194555161
Bertrange,M,2023,701.0,0.6984645735978399
Bertrange,M,2024,715.0,0.6885593220338982
Bertrange,M,2025,730.0,0.6867098133654425
Bettembourg,F,2020,1069.0,1.1558006270948211
Bettembourg,F,2021,1091.0,1.1517429216899266
Bettembourg,F,2022,1109.0,1.1363054192239517
Bettembourg,F,2023,1136.0,1.131891234817612
Bettembourg,F,2024,1201.0,1.1565870570107857
Bettembourg,F,2025,1213.0,1.1410671282360023
Bettembourg,M,2020,849.0,0.9179370742783004
Bettembourg,M,2021,874.0,0.9226611489981632
Bettembourg,M,2022,876.0,0.897568572804492
Bettembourg,M,2023,905.0,0.9017267319629744
Bettembourg,M,2024,917.0,0.8830893682588598
Bettembourg,M,2025,951.0,0.8946041541240216
Bettendorf,F,2020,221.0,0.2389447507838685
Bettendorf,F,2021,230.0,0.2428055655258323
Bettendorf,F,2022,233.0,0.2387368464194596
Bettendorf,F,2023,233.0,0.2321572691131193
Bettendorf,F,2024,247.0,0.2378659476117103
Bettendorf,F,2025,252.0,0.2370559903672486
Bettendorf,M,2020,204.0,0.2205643853389556
Bettendorf,M,2021,212.0,0.2238033908325064
Bettendorf,M,2022,220.0,0.2254167648595756
Bettendorf,M,2023,227.0,0.2261789703376742
Bettendorf,M,2024,226.0,0.2176425269645608
Bettendorf,M,2025,233.0,0.2191827212522576
Betzdorf,F,2020,263.0,0.284355065412477
Betzdorf,F,2021,283.0,0.298756413233959
Betzdorf,F,2022,287.0,0.2940664159759009
Betzdorf,F,2023,290.0,0.2889511074798481
Betzdorf,F,2024,304.0,0.2927580893682588
Betzdorf,F,2025,317.0,0.2982013847080072
Betzdorf,M,2020,228.0,0.2465131365553033
Betzdorf,M,2021,241.0,0.2544180056161983
Betzdorf,M,2022,249.0,0.2551307929547015
Betzdorf,M,2023,260.0,0.2590596136026225
Betzdorf,M,2024,275.0,0.2648305084745762
Betzdorf,M,2025,288.0,0.2709211318482841
Bissen,F,2020,225.0,0.2432695426532598
Bissen,F,2021,230.0,0.2428055655258323
Bissen,F,2022,259.0,0.2653770095392276
Bissen,F,2023,279.0,0.2779908930581987
Bissen,F,2024,295.0,0.2840909090909091
Bissen,F,2025,306.0,0.2878537025888019
Bissen,M,2020,195.0,0.2108336036328251
Bissen,M,2021,213.0,0.2248590672043578
Bissen,M,2022,230.0,0.2356629814441017
Bissen,M,2023,245.0,0.2441138666640096
Bissen,M,2024,263.0,0.2532742681047765
Bissen,M,2025,280.0,0.2633955448524985
Biwer,F,2020,130.0,0.1405557357552167
Biwer,F,2021,135.0,0.1425163101999451
Biwer,F,2022,140.0,0.1434470321833663
Biwer,F,2023,145.0,0.144475553739924
Biwer,F,2024,149.0,0.1434899845916795
Biwer,F,2025,156.0,0.1467489464178205
Biwer,M,2020,136.0,0.1470429235593037
Biwer,M,2021,144.0,0.1520173975466081
Biwer,M,2022,145.0,0.1485701404756293
Biwer,M,2023,144.0,0.1434791706106832
Biwer,M,2024,153.0,0.147342064714946
Biwer,M,2025,152.0,0.1429861529199277
Boulaide,F,2020,106.0,0.114606984538869
Boulaide,F,2021,110.0,0.1161244009036589
Boulaide,F,2022,110.0,0.1127083824297878
Boulaide,F,2023,117.0,0.1165768261211801
Boulaide,F,2024,123.0,0.1184514637904468
Boulaide,F,2025,129.0,0.1213500903070439
Boulaide,M,2020,106.0,0.114606984538869
Boulaide,M,2021,110.0,0.1161244009036589
Boulaide,M,2022,116.0,0.1188561123805034
Boulaide,M,2023,125.0,0.1245478911551069
Boulaide,M,2024,131.0,0.1261556240369799
Boulaide,M,2025,135.0,0.1269942805538832
Bourscheid,F,2020,107.0,0.1156881825062169
Bourscheid,F,2021,116.0,0.1224584591347676
Bourscheid,F,2022,120.0,0.1229545990143139
Bourscheid,F,2023,118.0,0.1175732092504209
Bourscheid,F,2024,119.0,0.1145993836671802
Bourscheid,F,2025,119.0,0.1119431065623118
Bourscheid,M,2020,88.0,0.0951454211266082
Bourscheid,M,2021,89.0,0.0939551970947786
Bourscheid,M,2022,98.0,0.1004129225283564
Bourscheid,M,2023,106.0,0.1056166116995307
Bourscheid,M,2024,108.0,0.1040061633281972
Bourscheid,M,2025,115.0,0.108180313064419
Bous-Waldbredimus,F,2020,110.0,0.1189317764082603
Bous-Waldbredimus,F,2021,115.0,0.1214027827629161
Bous-Waldbredimus,F,2022,120.0,0.1229545990143139
Bous-Waldbredimus,F,2023,229.0,0.2281717365961559
Bous-Waldbredimus,F,2024,235.0,0.2263097072419106
Bous-Waldbredimus,F,2025,243.0,0.2285897049969897
Bous-Waldbredimus,M,2020,96.0,0.1037950048653908
Bous-Waldbredimus,M,2021,104.0,0.1097903426725502
Bous-Waldbredimus,M,2022,102.0,0.1045114091621668
Bous-Waldbredimus,M,2023,211.0,0.2102368402698205
Bous-Waldbredimus,M,2024,224.0,0.2157164869029275
Bous-Waldbredimus,M,2025,231.0,0.2173013245033112
Clervaux,F,2020,473.0,0.5114066385555195
Clervaux,F,2021,480.0,0.5067246584886936
Clervaux,F,2022,498.0,0.510261585909403
Clervaux,F,2023,528.0,0.5260902922391718
Clervaux,F,2024,559.0,0.5383281972265023
Clervaux,F,2025,569.0,0.5352573750752558
Clervaux,M,2020,394.0,0.4259919991350416
Clervaux,M,2021,419.0,0.4423283998057555
Clervaux,M,2022,435.0,0.4457104214268881
Clervaux,M,2023,473.0,0.4712892201309248
Clervaux,M,2024,483.0,0.4651386748844376
Clervaux,M,2025,492.0,0.4628236002408188
Colmar-Berg,F,2020,168.0,0.181641258514434
Colmar-Berg,F,2021,174.0,0.1836876887021514
Colmar-Berg,F,2022,175.0,0.1793087902292078
Colmar-Berg,F,2023,169.0,0.1683887488417046
Colmar-Berg,F,2024,179.0,0.1723805855161787
Colmar-Berg,F,2025,183.0,0.1721478025285972
Colmar-Berg,M,2020,137.0,0.1481241215266515
Colmar-Berg,M,2021,139.0,0.1467390156873508
Colmar-Berg,M,2022,147.0,0.1506193837925346
Colmar-Berg,M,2023,142.0,0.1414864043522015
Colmar-Berg,M,2024,149.0,0.1434899845916795
Colmar-Berg,M,2025,150.0,0.1411047561709813
Consdorf,F,2020,152.0,0.1643420910368688
Consdorf,F,2021,167.0,0.1762979540991913
Consdorf,F,2022,165.0,0.1690625736446817
Consdorf,F,2023,162.0,0.1614140669370186
Consdorf,F,2024,172.0,0.1656394453004622
Consdorf,F,2025,181.0,0.1702664057796508
Consdorf,M,2020,154.0,0.1665044869715644
Consdorf,M,2021,162.0,0.1710195722399341
Consdorf,M,2022,162.0,0.1659887086693238
Consdorf,M,2023,167.0,0.1663959825832229
Consdorf,M,2024,184.0,0.1771956856702619
Consdorf,M,2025,188.0,0.1768512944009632
Contern,F,2020,387.0,0.4184236133636068
Contern,F,2021,389.0,0.4106581086502122
Contern,F,2022,432.0,0.4426365564515302
Contern,F,2023,446.0,0.4443868756414216
Contern,F,2024,448.0,0.4314329738058551
Contern,F,2025,469.0,0.4411875376279349
Contern,M,2020,348.0,0.3762568926370418
Contern,M,2021,348.0,0.3673753774043029
Contern,M,2022,362.0,0.3709130403598471
Contern,M,2023,369.0,0.3676653746898757
Contern,M,2024,378.0,0.3640215716486902
Contern,M,2025,390.0,0.3668723660445515
Dalheim,F,2020,191.0,0.2065088117634338
Dalheim,F,2021,193.0,0.2037455397673289
Dalheim,F,2022,201.0,0.2059489533489758
Dalheim,F,2023,197.0,0.1962874764604485
Dalheim,F,2024,211.0,0.2031972265023112
Dalheim,F,2025,219.0,0.2060129440096327
Dalheim,M,2020,175.0,0.1892096442858687
Dalheim,M,2021,179.0,0.1889660705614086
Dalheim,M,2022,188.0,0.1926288717890918
Dalheim,M,2023,190.0,0.1893127945557625
Dalheim,M,2024,204.0,0.1964560862865947
Dalheim,M,2025,208.0,0.1956652618904275
Diekirch,F,2020,750.0,0.8108984755108661
Diekirch,F,2021,767.0,0.8097037772100585
Diekirch,F,2022,799.0,0.8186727051036405
Diekirch,F,2023,802.0,0.7990992696511663
Diekirch,F,2024,808.0,0.7781201848998459
Diekirch,F,2025,824.0,0.7751354605659242
Diekirch,M,2020,538.0,0.581684506433128
Diekirch,M,2021,576.0,0.6080695901864325
Diekirch,M,2022,594.0,0.6086252651208541
Diekirch,M,2023,619.0,0.6167611570000897
Diekirch,M,2024,633.0,0.6095916795069337
Diekirch,M,2025,645.0,0.6067504515352197
Differdange,F,2020,1763.0,1.906152016434209
Differdange,F,2021,1788.0,1.887549352870384
Differdange,F,2022,1855.0,1.9006731764296037
Differdange,F,2023,1957.0,1.9499217839243543
Differdange,F,2024,2030.0,1.9549306625577807
Differdange,F,2025,2070.0,1.9472456351595424
Differdange,M,2020,1429.0,1.5450318953400368
Differdange,M,2021,1475.0,1.5571226484808818
Differdange,M,2022,1535.0,1.572794245724766
Differdange,M,2023,1602.0,1.5962057730438506
Differdange,M,2024,1651.0,1.5899460708782742
Differdange,M,2025,1691.0,1.5907209512341962
Dippach,F,2020,359.0,0.3881500702778679
Dippach,F,2021,376.0,0.3969343158161433
Dippach,F,2022,403.0,0.4129225283564044
Dippach,F,2023,428.0,0.4264519793150862
Dippach,F,2024,448.0,0.4314329738058551
Dippach,F,2025,458.0,0.4308398555087297
Dippach,M,2020,331.0,0.3578765271921288
Dippach,M,2021,341.0,0.3599856428013428
Dippach,M,2022,354.0,0.3627160670922262
Dippach,M,2023,358.0,0.3567051602682263
Dippach,M,2024,376.0,0.362095531587057
Dippach,M,2025,386.0,0.3631095725466586
Dudelange,F,2020,1906.0,2.060763325764948
Dudelange,F,2021,1937.0,2.044845132276249
Dudelange,F,2022,1989.0,2.037972478662254
Dudelange,F,2023,2033.0,2.02564690174666
Dudelange,F,2024,2084.0,2.00693374422188
Dudelange,F,2025,2128.0,2.001806140878988
Dudelange,M,2020,1527.0,1.6509892961401231
Dudelange,M,2021,1573.0,1.6605789329223235
Dudelange,M,2022,1616.0,1.655788600059428
Dudelange,M,2023,1645.0,1.6390502476012074
Dudelange,M,2024,1689.0,1.6265408320493064
Dudelange,M,2025,1751.0,1.6471628537025889
Echternach,F,2020,682.0,0.7373770137312141
Echternach,F,2021,679.0,0.7168042564871313
Echternach,F,2022,713.0,0.7305552424767154
Echternach,F,2023,713.0,0.7104211711487302
Echternach,F,2024,720.0,0.6933744221879815
Echternach,F,2025,724.0,0.6810656231186032
Echternach,M,2020,478.0,0.5168126283922586
Echternach,M,2021,480.0,0.5067246584886936
Echternach,M,2022,496.0,0.5082123425924978
Echternach,M,2023,494.0,0.4922132658449827
Echternach,M,2024,509.0,0.4901771956856702
Echternach,M,2025,512.0,0.481637567730283
Ell,F,2020,95.0,0.102713806898043
Ell,F,2021,97.0,0.1024006080695901
Ell,F,2022,102.0,0.1045114091621668
Ell,F,2023,105.0,0.1046202285702898
Ell,F,2024,119.0,0.1145993836671802
Ell,F,2025,123.0,0.1157059000602047
Ell,M,2020,88.0,0.0951454211266082
Ell,M,2021,84.0,0.0886768152355214
Ell,M,2022,91.0,0.093240570919188
Ell,M,2023,98.0,0.0976455466656038
Ell,M,2024,112.0,0.1078582434514637
Ell,M,2025,120.0,0.112883804936785
Erpeldange-sur-SÃ»re,F,2020,271.0,0.2930046491512595
Erpeldange-sur-SÃ»re,F,2021,260.0,0.2744758566813757
Erpeldange-sur-SÃ»re,F,2022,266.0,0.2725493611483959
Erpeldange-sur-SÃ»re,F,2023,276.0,0.2750017436704762
Erpeldange-sur-SÃ»re,F,2024,291.0,0.2802388289676426
Erpeldange-sur-SÃ»re,F,2025,297.0,0.279387417218543
Erpeldange-sur-SÃ»re,M,2020,205.0,0.2216455833063033
Erpeldange-sur-SÃ»re,M,2021,215.0,0.2269704199480607
Erpeldange-sur-SÃ»re,M,2022,223.0,0.2284906298349334
Erpeldange-sur-SÃ»re,M,2023,220.0,0.2192042884329882
Erpeldange-sur-SÃ»re,M,2024,236.0,0.2272727272727272
Erpeldange-sur-SÃ»re,M,2025,247.0,0.2323524984948826
Esch-sur-Alzette,F,2020,2908.0,3.1441236890474644
Esch-sur-Alzette,F,2021,2900.0,3.061461478369192
Esch-sur-Alzette,F,2022,2950.0,3.0226338924352185
Esch-sur-Alzette,F,2023,2964.0,2.953279595069896
Esch-sur-Alzette,F,2024,3009.0,2.8977272727272725
Esch-sur-Alzette,F,2025,3046.0,2.8653672486453945
Esch-sur-Alzette,M,2020,2246.0,2.428370634663207
Esch-sur-Alzette,M,2021,2243.0,2.367882102062792
Esch-sur-Alzette,M,2022,2253.0,2.3084725964937447
Esch-sur-Alzette,M,2023,2338.0,2.329543756165121
Esch-sur-Alzette,M,2024,2419.0,2.3295454545454546
Esch-sur-Alzette,M,2025,2500.0,2.3517459361830224
Esch-sur-SÃ»re,F,2020,176.0,0.1902908422532165
Esch-sur-SÃ»re,F,2021,179.0,0.1889660705614086
Esch-sur-SÃ»re,F,2022,189.0,0.1936534934475444
Esch-sur-SÃ»re,F,2023,201.0,0.200273008977412
Esch-sur-SÃ»re,F,2024,215.0,0.2070493066255778
Esch-sur-SÃ»re,F,2025,230.0,0.216360626128838
Esch-sur-SÃ»re,M,2020,180.0,0.1946156341226078
Esch-sur-SÃ»re,M,2021,189.0,0.1995228342799231
Esch-sur-SÃ»re,M,2022,200.0,0.2049243316905232
Esch-sur-SÃ»re,M,2023,207.0,0.2062513077528571
Esch-sur-SÃ»re,M,2024,219.0,0.2109013867488443
Esch-sur-SÃ»re,M,2025,235.0,0.2210641180012041
Ettelbruck,F,2020,874.0,0.944967023461996
Ettelbruck,F,2021,897.0,0.9469417055507464
Ettelbruck,F,2022,917.0,0.9395780608010492
Ettelbruck,F,2023,932.0,0.9286290764524774
Ettelbruck,F,2024,952.0,0.916795069337442
Ettelbruck,F,2025,967.0,0.909655328115593
Ettelbruck,M,2020,690.0,0.7460265974699967
Ettelbruck,M,2021,685.0,0.72313831471824
Ettelbruck,M,2022,708.0,0.7254321341844524
Ettelbruck,M,2023,727.0,0.7243705349581021
Ettelbruck,M,2024,745.0,0.7174499229583975
Ettelbruck,M,2025,773.0,0.7271598434677905
Feulen,F,2020,146.0,0.1578549032327819
Feulen,F,2021,166.0,0.1752422777273399
Feulen,F,2022,169.0,0.1731610602784921
Feulen,F,2023,174.0,0.1733706644879089
Feulen,F,2024,187.0,0.1800847457627118
Feulen,F,2025,193.0,0.1815547862733293
Feulen,M,2020,150.0,0.1621796951021732
Feulen,M,2021,164.0,0.173130924983637
Feulen,M,2022,168.0,0.1721364386200395
Feulen,M,2023,174.0,0.1733706644879089
Feulen,M,2024,187.0,0.1800847457627118
Feulen,M,2025,189.0,0.1777919927754364
Fischbach,F,2020,57.0,0.0616282841388258
Fischbach,F,2021,55.0,0.0580622004518294
Fischbach,F,2022,63.0,0.0645511644825148
Fischbach,F,2023,67.0,0.0667576696591373
Fischbach,F,2024,68.0,0.0654853620955315
Fischbach,F,2025,71.0,0.0667895845875978
Fischbach,M,2020,45.0,0.0486539085306519
Fischbach,M,2021,50.0,0.0527838185925722
Fischbach,M,2022,58.0,0.0594280561902517
Fischbach,M,2023,59.0,0.0587866046252104
Fischbach,M,2024,67.0,0.0645223420647149
Fischbach,M,2025,77.0,0.072433774834437
Flaxweiler,F,2020,130.0,0.1405557357552167
Flaxweiler,F,2021,134.0,0.1414606338280936
Flaxweiler,F,2022,142.0,0.1454962755002715
Flaxweiler,F,2023,161.0,0.1604176838077777
Flaxweiler,F,2024,171.0,0.1646764252696456
Flaxweiler,F,2025,167.0,0.1570966285370258
Flaxweiler,M,2020,127.0,0.1373121418531733
Flaxweiler,M,2021,134.0,0.1414606338280936
Flaxweiler,M,2022,138.0,0.141397788866461
Flaxweiler,M,2023,135.0,0.1345117224475155
Flaxweiler,M,2024,153.0,0.147342064714946
Flaxweiler,M,2025,166.0,0.1561559301625526
Frisange,F,2020,354.0,0.3827440804411288
Frisange,F,2021,377.0,0.3979899921879948
Frisange,F,2022,394.0,0.4037009334303308
Frisange,F,2023,423.0,0.4214700636688819
Frisange,F,2024,437.0,0.4208397534668721
Frisange,F,2025,447.0,0.4204921733895244
Frisange,M,2020,345.0,0.3730132987349983
Frisange,M,2021,356.0,0.3758207883791145
Frisange,M,2022,375.0,0.3842331219197311
Frisange,M,2023,394.0,0.3925749529208971
Frisange,M,2024,405.0,0.3900231124807395
Frisange,M,2025,419.0,0.3941526189042745
Garnich,F,2020,154.0,0.1665044869715644
Garnich,F,2021,155.0,0.163629837636974
Garnich,F,2022,163.0,0.1670133303277765
Garnich,F,2023,178.0,0.1773561970048723
Garnich,F,2024,181.0,0.174306625577812
Garnich,F,2025,187.0,0.17591059602649
Garnich,M,2020,152.0,0.1643420910368688
Garnich,M,2021,165.0,0.1741866013554884
Garnich,M,2022,175.0,0.1793087902292078
Garnich,M,2023,178.0,0.1773561970048723
Garnich,M,2024,185.0,0.1781587057010785
Garnich,M,2025,189.0,0.1777919927754364
Goesdorf,F,2020,100.0,0.1081197967347821
Goesdorf,F,2021,99.0,0.104511960813293
Goesdorf,F,2022,100.0,0.1024621658452616
Goesdorf,F,2023,107.0,0.1066129948287715
Goesdorf,F,2024,121.0,0.1165254237288135
Goesdorf,F,2025,118.0,0.1110024081878386
Goesdorf,M,2020,93.0,0.1005514109633473
Goesdorf,M,2021,98.0,0.1034562844414416
Goesdorf,M,2022,100.0,0.1024621658452616
Goesdorf,M,2023,112.0,0.1115949104749758
Goesdorf,M,2024,117.0,0.112673343605547
Goesdorf,M,2025,120.0,0.112883804936785
Grevenmacher,F,2020,474.0,0.5124878365228673
Grevenmacher,F,2021,475.0,0.5014462766294364
Grevenmacher,F,2022,486.0,0.4979661260079715
Grevenmacher,F,2023,499.0,0.497195181491187
Grevenmacher,F,2024,518.0,0.49884437596302
Grevenmacher,F,2025,529.0,0.4976294400963275
Grevenmacher,M,2020,329.0,0.3557141312574332
Grevenmacher,M,2021,346.0,0.3652640246606
Grevenmacher,M,2022,380.0,0.3893562302119942
Grevenmacher,M,2023,403.0,0.4015424010840648
Grevenmacher,M,2024,405.0,0.3900231124807395
Grevenmacher,M,2025,414.0,0.3894491270319085
Groussbus-Wal,F,2020,71.0,0.0767650556816953
Groussbus-Wal,F,2021,76.0,0.0802314042607098
Groussbus-Wal,F,2022,81.0,0.0829943543346619
Groussbus-Wal,F,2023,157.0,0.1564321512908143
Groussbus-Wal,F,2024,165.0,0.1588983050847457
Groussbus-Wal,F,2025,164.0,0.1542745334136062
Groussbus-Wal,M,2020,70.0,0.0756838577143474
Groussbus-Wal,M,2021,78.0,0.0823427570044127
Groussbus-Wal,M,2022,82.0,0.0840189759931145
Groussbus-Wal,M,2023,152.0,0.15145023564461
Groussbus-Wal,M,2024,154.0,0.1483050847457627
Groussbus-Wal,M,2025,158.0,0.148630343166767
Habscht,F,2020,366.0,0.3957184560493026
Habscht,F,2021,372.0,0.3927116103287376
Habscht,F,2022,372.0,0.3811592569443733
Habscht,F,2023,376.0,0.3746400565945618
Habscht,F,2024,384.0,0.3697996918335901
Habscht,F,2025,410.0,0.3856863335340156
Habscht,M,2020,335.0,0.3622013190615201
Habscht,M,2021,350.0,0.3694867301480058
Habscht,M,2022,349.0,0.3575929587999631
Habscht,M,2023,372.0,0.3706545240775983
Habscht,M,2024,394.0,0.3794298921417565
Habscht,M,2025,412.0,0.3875677302829621
Heffingen,F,2020,82.0,0.0886582333225213
Heffingen,F,2021,84.0,0.0886768152355214
Heffingen,F,2022,85.0,0.0870928409684723
Heffingen,F,2023,87.0,0.0866853322439544
Heffingen,F,2024,85.0,0.0818567026194144
Heffingen,F,2025,90.0,0.0846628537025888
Heffingen,M,2020,77.0,0.0832522434857822
Heffingen,M,2021,77.0,0.0812870806325612
Heffingen,M,2022,82.0,0.0840189759931145
Heffingen,M,2023,84.0,0.0836961828562318
Heffingen,M,2024,95.0,0.0914869029275809
Heffingen,M,2025,97.0,0.0912477423239012
Helperknapp,F,2020,295.0,0.3189534003676073
Helperknapp,F,2021,304.0,0.3209256170428393
Helperknapp,F,2022,323.0,0.3309527956801951
Helperknapp,F,2023,328.0,0.3268136663910007
Helperknapp,F,2024,363.0,0.3495762711864407
Helperknapp,F,2025,373.0,0.3508804936785069
Helperknapp,M,2020,285.0,0.3081414206941291
Helperknapp,M,2021,291.0,0.3072018242087705
Helperknapp,M,2022,320.0,0.3278789307048372
Helperknapp,M,2023,327.0,0.3258172832617598
Helperknapp,M,2024,349.0,0.3360939907550077
Helperknapp,M,2025,353.0,0.3320665261890427
Hesperange,F,2020,1389.0,1.501783976646124
Hesperange,F,2021,1425.0,1.5043388298883096
Hesperange,F,2022,1456.0,1.4918491347070093
Hesperange,F,2023,1474.0,1.4686687325010213
Hesperange,F,2024,1508.0,1.4522342064714946
Hesperange,F,2025,1541.0,1.449616195063215
Hesperange,M,2020,1107.0,1.1968861498540384
Hesperange,M,2021,1127.0,1.1897472710765788
Hesperange,M,2022,1142.0,1.170117933952888
Hesperange,M,2023,1173.0,1.1687574105995238
Hesperange,M,2024,1214.0,1.1691063174114025
Hesperange,M,2025,1209.0,1.1373043347381095
Junglinster,F,2020,682.0,0.7373770137312141
Junglinster,F,2021,703.0,0.742140489411566
Junglinster,F,2022,741.0,0.7592446489133887
Junglinster,F,2023,755.0,0.752269262576846
Junglinster,F,2024,806.0,0.7761941448382126
Junglinster,F,2025,836.0,0.7864238410596027
Junglinster,M,2020,588.0,0.635744404800519
Junglinster,M,2021,607.0,0.6407955577138272
Junglinster,M,2022,629.0,0.6444870231666957
Junglinster,M,2023,633.0,0.6307105208094617
Junglinster,M,2024,668.0,0.6432973805855162
Junglinster,M,2025,681.0,0.6406155930162553
Kayl,F,2020,795.0,0.8595523840415179
Kayl,F,2021,798.0,0.8424297447374532
Kayl,F,2022,820.0,0.8401897599311455
Kayl,F,2023,853.0,0.8499148092424499
Kayl,F,2024,897.0,0.863828967642527
Kayl,F,2025,895.0,0.8419250451535221
Kayl,M,2020,619.0,0.6692615417883014
Kayl,M,2021,642.0,0.6777442307286279
Kayl,M,2022,664.0,0.6803487812125373
Kayl,M,2023,700.0,0.697468190468599
Kayl,M,2024,744.0,0.7164869029275809
Kayl,M,2025,749.0,0.7045830824804334
Kehlen,F,2020,606.0,0.6552059682127798
Kehlen,F,2021,630.0,0.6650761142664106
Kehlen,F,2022,666.0,0.6823980245294425
Kehlen,F,2023,689.0,0.6865079760469496
Kehlen,F,2024,716.0,0.689522342064715
Kehlen,F,2025,740.0,0.6961167971101746
Kehlen,M,2020,549.0,0.593577684073954
Kehlen,M,2021,559.0,0.5901230918649578
Kehlen,M,2022,578.0,0.5922313185856123
Kehlen,M,2023,595.0,0.5928479618983091
Kehlen,M,2024,637.0,0.6134437596302003
Kehlen,M,2025,651.0,0.6123946417820589
Kiischpelt,F,2020,86.0,0.0929830251919126
Kiischpelt,F,2021,90.0,0.09501087346663
Kiischpelt,F,2022,94.0,0.0963144358945459
Kiischpelt,F,2023,96.0,0.0956527804071221
Kiischpelt,F,2024,100.0,0.0963020030816641
Kiischpelt,F,2025,99.0,0.0931291390728476
Kiischpelt,M,2020,89.0,0.0962266190939561
Kiischpelt,M,2021,92.0,0.0971222262103329
Kiischpelt,M,2022,91.0,0.093240570919188
Kiischpelt,M,2023,89.0,0.0886780985024361
Kiischpelt,M,2024,96.0,0.0924499229583975
Kiischpelt,M,2025,104.0,0.0978326309452137
Koerich,F,2020,176.0,0.1902908422532165
Koerich,F,2021,180.0,0.1900217469332601
Koerich,F,2022,186.0,0.1905796284721866
Koerich,F,2023,192.0,0.1913055608142443
Koerich,F,2024,209.0,0.2012711864406779
Koerich,F,2025,218.0,0.2050722456351595
Koerich,M,2020,182.0,0.1967780300573035
Koerich,M,2021,197.0,0.2079682452547347
Koerich,M,2022,205.0,0.2100474399827863
Koerich,M,2023,203.0,0.2022657752358937
Koerich,M,2024,218.0,0.2099383667180277
Koerich,M,2025,223.0,0.2097757375075256
Kopstal,F,2020,366.0,0.3957184560493026
Kopstal,F,2021,369.0,0.3895445812131832
Kopstal,F,2022,377.0,0.3862823652366364
Kopstal,F,2023,382.0,0.3806183553700069
Kopstal,F,2024,372.0,0.3582434514637904
Kopstal,F,2025,381.0,0.3584060806742926
Kopstal,M,2020,302.0,0.3265217861390421
Kopstal,M,2021,302.0,0.3188142642991364
Kopstal,M,2022,300.0,0.3073864975357849
Kopstal,M,2023,304.0,0.3029004712892201
Kopstal,M,2024,315.0,0.3033513097072419
Kopstal,M,2025,323.0,0.3038455749548465
KÃ¤erjeng,F,2020,1018.0,1.1006595307600822
KÃ¤erjeng,F,2021,1038.0,1.0957920739818
KÃ¤erjeng,F,2022,1074.0,1.10044366117811
KÃ¤erjeng,F,2023,1098.0,1.0940286759064597
KÃ¤erjeng,F,2024,1147.0,1.1045839753466873
KÃ¤erjeng,F,2025,1183.0,1.112846177001806
KÃ¤erjeng,M,2020,834.0,0.901719104768083
KÃ¤erjeng,M,2021,849.0,0.896269239701877
KÃ¤erjeng,M,2022,870.0,0.8914208428537762
KÃ¤erjeng,M,2023,886.0,0.8827954525073981
KÃ¤erjeng,M,2024,941.0,0.9062018489984592
KÃ¤erjeng,M,2025,975.0,0.9171809151113788
Lac de la Haute-SÃ»re,F,2020,149.0,0.1610984971348253
Lac de la Haute-SÃ»re,F,2021,158.0,0.1667968667525283
Lac de la Haute-SÃ»re,F,2022,169.0,0.1731610602784921
Lac de la Haute-SÃ»re,F,2023,171.0,0.1703815151001863
Lac de la Haute-SÃ»re,F,2024,185.0,0.1781587057010785
Lac de la Haute-SÃ»re,F,2025,192.0,0.1806140878988561
Lac de la Haute-SÃ»re,M,2020,154.0,0.1665044869715644
Lac de la Haute-SÃ»re,M,2021,165.0,0.1741866013554884
Lac de la Haute-SÃ»re,M,2022,181.0,0.1854565201799235
Lac de la Haute-SÃ»re,M,2023,187.0,0.18632364516804
Lac de la Haute-SÃ»re,M,2024,201.0,0.1935670261941448
Lac de la Haute-SÃ»re,M,2025,204.0,0.1919024683925346
Larochette,F,2020,144.0,0.1556925072980862
Larochette,F,2021,151.0,0.1594071321495682
Larochette,F,2022,158.0,0.1618902220355134
Larochette,F,2023,159.0,0.158424917549296
Larochette,F,2024,165.0,0.1588983050847457
Larochette,F,2025,171.0,0.1608594220349187
Larochette,M,2020,125.0,0.1351497459184776
Larochette,M,2021,144.0,0.1520173975466081
Larochette,M,2022,137.0,0.1403731672080084
Larochette,M,2023,145.0,0.144475553739924
Larochette,M,2024,149.0,0.1434899845916795
Larochette,M,2025,150.0,0.1411047561709813
Lenningen,F,2020,126.0,0.1362309438858255
Lenningen,F,2021,130.0,0.1372379283406878
Lenningen,F,2022,141.0,0.1444716538418189
Lenningen,F,2023,183.0,0.1823381126510765
Lenningen,F,2024,205.0,0.1974191063174114
Lenningen,F,2025,215.0,0.2022501505117399
Lenningen,M,2020,117.0,0.1265001621796951
Lenningen,M,2021,118.0,0.1245698118784705
Lenningen,M,2022,118.0,0.1209053556974087
Lenningen,M,2023,148.0,0.1474647031276466
Lenningen,M,2024,175.0,0.1685285053929121
Lenningen,M,2025,170.0,0.1599187236604455
Leudelange,F,2020,205.0,0.2216455833063033
Leudelange,F,2021,219.0,0.2311931254354665
Leudelange,F,2022,222.0,0.2274660081764808
Leudelange,F,2023,229.0,0.2281717365961559
Leudelange,F,2024,248.0,0.2388289676425269
Leudelange,F,2025,248.0,0.2332931968693558
Leudelange,M,2020,193.0,0.2086712076981295
Leudelange,M,2021,200.0,0.211135274370289
Leudelange,M,2022,206.0,0.2110720616412389
Leudelange,M,2023,213.0,0.2122296065283022
Leudelange,M,2024,228.0,0.2195685670261941
Leudelange,M,2025,240.0,0.2257676098735701
Lintgen,F,2020,214.0,0.2313763650124338
Lintgen,F,2021,228.0,0.2406942127821295
Lintgen,F,2022,229.0,0.2346383597856491
Lintgen,F,2023,236.0,0.2351464185008419
Lintgen,F,2024,243.0,0.2340138674884437
Lintgen,F,2025,248.0,0.2332931968693558
Lintgen,M,2020,189.0,0.2043464158287382
Lintgen,M,2021,208.0,0.2195806853451005
Lintgen,M,2022,219.0,0.224392143201123
Lintgen,M,2023,231.0,0.2301645028546377
Lintgen,M,2024,251.0,0.2417180277349768
Lintgen,M,2025,262.0,0.2464629741119807
Lorentzweiler,F,2020,430.0,0.4649151259595632
Lorentzweiler,F,2021,455.0,0.4803327491924076
Lorentzweiler,F,2022,464.0,0.4754244495220139
Lorentzweiler,F,2023,497.0,0.4952024152327053
Lorentzweiler,F,2024,514.0,0.4949922958397534
Lorentzweiler,F,2025,515.0,0.4844596628537025
Lorentzweiler,M,2020,390.0,0.4216672072656503
Lorentzweiler,M,2021,384.0,0.405379726790955
Lorentzweiler,M,2022,387.0,0.3965285818211625
Lorentzweiler,M,2023,401.0,0.3995496348255831
Lorentzweiler,M,2024,410.0,0.3948382126348228
Lorentzweiler,M,2025,417.0,0.3922712221553281
Luxembourg,F,2020,8301.0,8.975024326954266
Luxembourg,F,2021,8438.0,8.907797225682494
Luxembourg,F,2022,8680.0,8.89371599536871
Luxembourg,F,2023,8829.0,8.797066648067515
Luxembourg,F,2024,8905.0,8.575693374422189
Luxembourg,F,2025,9059.0,8.521786574352799
Luxembourg,M,2020,6747.0,7.294842685695752
Luxembourg,M,2021,6855.0,7.236661529041657
Luxembourg,M,2022,7041.0,7.214361097164872
Luxembourg,M,2023,7246.0,7.21979215447924
Luxembourg,M,2024,7400.0,7.126348228043143
Luxembourg,M,2025,7512.0,7.066526189042745
Mamer,F,2020,910.0,0.9838901502865176
Mamer,F,2021,937.0,0.9891687604248042
Mamer,F,2022,945.0,0.9682674672377224
Mamer,F,2023,970.0,0.96649163536363
Mamer,F,2024,991.0,0.9543528505392912
Mamer,F,2025,1009.0,0.9491646598434678
Mamer,M,2020,719.0,0.7773813385230836
Mamer,M,2021,738.0,0.7790891624263665
Mamer,M,2022,761.0,0.7797370820824411
Mamer,M,2023,782.0,0.7791716070663491
Mamer,M,2024,798.0,0.7684899845916795
Mamer,M,2025,808.0,0.7600842865743528
Manternach,F,2020,188.0,0.2032652178613904
Manternach,F,2021,201.0,0.2121909507421404
Manternach,F,2022,202.0,0.2069735750074285
Manternach,F,2023,199.0,0.1982802427189302
Manternach,F,2024,206.0,0.198382126348228
Manternach,F,2025,211.0,0.1984873570138471
Manternach,M,2020,157.0,0.1697480808736079
Manternach,M,2021,166.0,0.1752422777273399
Manternach,M,2022,178.0,0.1823826552045657
Manternach,M,2023,191.0,0.1903091776850034
Manternach,M,2024,197.0,0.1897149460708782
Manternach,M,2025,203.0,0.1909617700180614
Mersch,F,2020,878.0,0.9492918153313872
Mersch,F,2021,901.0,0.951164411038152
Mersch,F,2022,919.0,0.9416273041179544
Mersch,F,2023,925.0,0.9216543945477916
Mersch,F,2024,981.0,0.9447226502311248
Mersch,F,2025,986.0,0.927528597230584
Mersch,M,2020,683.0,0.738458211698562
Mersch,M,2021,714.0,0.753752929501932
Mersch,M,2022,730.0,0.7479738106704099
Mersch,M,2023,753.0,0.7502764963183643
Mersch,M,2024,781.0,0.7521186440677966
Mersch,M,2025,800.0,0.7525586995785671
Mertert,F,2020,426.0,0.4605903340901719
Mertert,F,2021,427.0,0.4507738107805671
Mertert,F,2022,449.0,0.4600551246452247
Mertert,F,2023,453.0,0.4513615575461077
Mertert,F,2024,483.0,0.4651386748844376
Mertert,F,2025,488.0,0.4590608067429259
Mertert,M,2020,392.0,0.4238296032003459
Mertert,M,2021,386.0,0.4074910795346578
Mertert,M,2022,391.0,0.400627068454973
Mertert,M,2023,414.0,0.4125026155057142
Mertert,M,2024,424.0,0.4083204930662557
Mertert,M,2025,426.0,0.4007375075255869
Mertzig,F,2020,145.0,0.1567737052654341
Mertzig,F,2021,150.0,0.1583514557777167
Mertzig,F,2022,165.0,0.1690625736446817
Mertzig,F,2023,166.0,0.165399599453982
Mertzig,F,2024,188.0,0.1810477657935285
Mertzig,F,2025,187.0,0.17591059602649
Mertzig,M,2020,123.0,0.132987349983782
Mertzig,M,2021,129.0,0.1361822519688364
Mertzig,M,2022,132.0,0.1352500589157453
Mertzig,M,2023,136.0,0.1355081055767563
Mertzig,M,2024,153.0,0.147342064714946
Mertzig,M,2025,167.0,0.1570966285370258
Mondercange,F,2020,702.0,0.7590009730781706
Mondercange,F,2021,706.0,0.7453075185271203
Mondercange,F,2022,728.0,0.7459245673535047
Mondercange,F,2023,752.0,0.7492801131891236
Mondercange,F,2024,795.0,0.7656009244992296
Mondercange,F,2025,811.0,0.7629063816977725
Mondercange,M,2020,609.0,0.6584495621148232
Mondercange,M,2021,622.0,0.6566307032915989
Mondercange,M,2022,628.0,0.6434624015082431
Mondercange,M,2023,654.0,0.6516345665235197
Mondercange,M,2024,688.0,0.662557781201849
Mondercange,M,2025,695.0,0.6537853702588802
Mondorf-les-Bains,F,2020,774.0,0.8368472267272137
Mondorf-les-Bains,F,2021,776.0,0.8192048645567215
Mondorf-les-Bains,F,2022,797.0,0.8166234617867353
Mondorf-les-Bains,F,2023,795.0,0.7921245877464802
Mondorf-les-Bains,F,2024,780.0,0.75115562403698
Mondorf-les-Bains,F,2025,803.0,0.7553807947019868
Mondorf-les-Bains,M,2020,523.0,0.5654665369229106
Mondorf-les-Bains,M,2021,534.0,0.5637311825686717
Mondorf-les-Bains,M,2022,562.0,0.5758373720503704
Mondorf-les-Bains,M,2023,560.0,0.5579745523748793
Mondorf-les-Bains,M,2024,579.0,0.5575885978428351
Mondorf-les-Bains,M,2025,606.0,0.5700632149307646
Niederanven,F,2020,775.0,0.8379284246945615
Niederanven,F,2021,799.0,0.8434854211093048
Niederanven,F,2022,821.0,0.8412143815895979
Niederanven,F,2023,834.0,0.8309835297868736
Niederanven,F,2024,886.0,0.853235747303544
Niederanven,F,2025,905.0,0.8513320288982541
Niederanven,M,2020,650.0,0.7027786787760839
Niederanven,M,2021,647.0,0.6830226125878851
Niederanven,M,2022,668.0,0.6844472678463477
Niederanven,M,2023,676.0,0.6735549953668185
Niederanven,M,2024,715.0,0.6885593220338982
Niederanven,M,2025,729.0,0.6857691149909693
Nommern,F,2020,74.0,0.0800086495837387
Nommern,F,2021,79.0,0.0833984333762641
Nommern,F,2022,80.0,0.0819697326762093
Nommern,F,2023,87.0,0.0866853322439544
Nommern,F,2024,95.0,0.0914869029275809
Nommern,F,2025,101.0,0.0950105358217941
Nommern,M,2020,86.0,0.0929830251919126
Nommern,M,2021,93.0,0.0981779025821844
Nommern,M,2022,96.0,0.0983636792114511
Nommern,M,2023,104.0,0.103623845441049
Nommern,M,2024,113.0,0.1088212634822804
Nommern,M,2025,115.0,0.108180313064419
Parc Hosingen,F,2020,246.0,0.265974699967564
Parc Hosingen,F,2021,251.0,0.2649747693347127
Parc Hosingen,F,2022,261.0,0.2674262528561328
Parc Hosingen,F,2023,266.0,0.2650379123780676
Parc Hosingen,F,2024,283.0,0.2725346687211094
Parc Hosingen,F,2025,292.0,0.2746839253461769
Parc Hosingen,M,2020,230.0,0.2486755324899989
Parc Hosingen,M,2021,240.0,0.2533623292443468
Parc Hosingen,M,2022,240.0,0.2459091980286279
Parc Hosingen,M,2023,260.0,0.2590596136026225
Parc Hosingen,M,2024,262.0,0.2523112480739599
Parc Hosingen,M,2025,271.0,0.2549292594822396
PrÃ©izerdaul,F,2020,122.0,0.1319061520164341
PrÃ©izerdaul,F,2021,130.0,0.1372379283406878
PrÃ©izerdaul,F,2022,130.0,0.1332008155988401
PrÃ©izerdaul,F,2023,138.0,0.1375008718352381
PrÃ©izerdaul,F,2024,136.0,0.1309707241910631
PrÃ©izerdaul,F,2025,149.0,0.1401640577965081
PrÃ©izerdaul,M,2020,107.0,0.1156881825062169
PrÃ©izerdaul,M,2021,116.0,0.1224584591347676
PrÃ©izerdaul,M,2022,120.0,0.1229545990143139
PrÃ©izerdaul,M,2023,136.0,0.1355081055767563
PrÃ©izerdaul,M,2024,145.0,0.1396379044684129
PrÃ©izerdaul,M,2025,145.0,0.1364012642986153
Putscheid,F,2020,67.0,0.072440263812304
Putscheid,F,2021,68.0,0.0717859932858982
Putscheid,F,2022,77.0,0.0788958677008514
Putscheid,F,2023,83.0,0.082699799726991
Putscheid,F,2024,81.0,0.0780046224961479
Putscheid,F,2025,86.0,0.0809000602046959
Putscheid,M,2020,66.0,0.0713590658449562
Putscheid,M,2021,71.0,0.0749530224014526
Putscheid,M,2022,74.0,0.0758220027254936
Putscheid,M,2023,83.0,0.082699799726991
Putscheid,M,2024,84.0,0.0808936825885978
Putscheid,M,2025,85.0,0.0799593618302227
PÃ©tange,F,2020,1551.0,1.6769380473564708
PÃ©tange,F,2021,1568.0,1.6553005510630665
PÃ©tange,F,2022,1612.0,1.6516901134256177
PÃ©tange,F,2023,1663.0,1.656985143927543
PÃ©tange,F,2024,1678.0,1.6159476117103235
PÃ©tange,F,2025,1717.0,1.6151791089704997
PÃ©tange,M,2020,1194.0,1.2909503730132987
PÃ©tange,M,2021,1231.0,1.299537613749129
PÃ©tange,M,2022,1277.0,1.3084418578439911
PÃ©tange,M,2023,1316.0,1.311240198080966
PÃ©tange,M,2024,1403.0,1.3511171032357474
PÃ©tange,M,2025,1437.0,1.3517835641180012
Rambrouch,F,2020,347.0,0.375175694669694
Rambrouch,F,2021,363.0,0.3832105229820746
Rambrouch,F,2022,368.0,0.3770607703105628
Rambrouch,F,2023,373.0,0.3716509072068392
Rambrouch,F,2024,381.0,0.3669106317411402
Rambrouch,F,2025,393.0,0.3696944611679711
Rambrouch,M,2020,338.0,0.3654449129635636
Rambrouch,M,2021,344.0,0.3631526719168971
Rambrouch,M,2022,362.0,0.3709130403598471
Rambrouch,M,2023,370.0,0.3686617578191166
Rambrouch,M,2024,389.0,0.3746147919876733
Rambrouch,M,2025,392.0,0.3687537627934979
Reckange-sur-Mess,F,2020,220.0,0.2378635528165207
Reckange-sur-Mess,F,2021,228.0,0.2406942127821295
Reckange-sur-Mess,F,2022,238.0,0.2438599547117227
Reckange-sur-Mess,F,2023,239.0,0.2381355678885645
Reckange-sur-Mess,F,2024,248.0,0.2388289676425269
Reckange-sur-Mess,F,2025,259.0,0.2436408789885611
Reckange-sur-Mess,M,2020,199.0,0.2151583955022164
Reckange-sur-Mess,M,2021,209.0,0.220636361716952
Reckange-sur-Mess,M,2022,215.0,0.2202936565673125
Reckange-sur-Mess,M,2023,217.0,0.2162151390452656
Reckange-sur-Mess,M,2024,226.0,0.2176425269645608
Reckange-sur-Mess,M,2025,232.0,0.2182420228777845
Redange/Attert,F,2020,280.0,0.3027354308573899
Redange/Attert,F,2021,281.0,0.2966450604902561
Redange/Attert,F,2022,286.0,0.2930417943174482
Redange/Attert,F,2023,303.0,0.3019040881599792
Redange/Attert,F,2024,311.0,0.2994992295839753
Redange/Attert,F,2025,328.0,0.3085490668272125
Redange/Attert,M,2020,212.0,0.2292139690777381
Redange/Attert,M,2021,223.0,0.2354158309228722
Redange/Attert,M,2022,235.0,0.2407860897363648
Redange/Attert,M,2023,248.0,0.2471030160517322
Redange/Attert,M,2024,262.0,0.2523112480739599
Redange/Attert,M,2025,281.0,0.2643362432269717
Reisdorf,F,2020,86.0,0.0929830251919126
Reisdorf,F,2021,86.0,0.0907881679792242
Reisdorf,F,2022,87.0,0.0891420842853776
Reisdorf,F,2023,89.0,0.0886780985024361
Reisdorf,F,2024,88.0,0.0847457627118644
Reisdorf,F,2025,90.0,0.0846628537025888
Reisdorf,M,2020,73.0,0.0789274516163909
Reisdorf,M,2021,75.0,0.0791757278888583
Reisdorf,M,2022,81.0,0.0829943543346619
Reisdorf,M,2023,84.0,0.0836961828562318
Reisdorf,M,2024,80.0,0.0770416024653312
Reisdorf,M,2025,79.0,0.0743151715833835
Remich,F,2020,459.0,0.49626986701265
Remich,F,2021,479.0,0.5056689821168423
Remich,F,2022,504.0,0.5164093158601186
Remich,F,2023,517.0,0.5151300778175224
Remich,F,2024,515.0,0.49595531587057
Remich,F,2025,525.0,0.4938666465984347
Remich,M,2020,390.0,0.4216672072656503
Remich,M,2021,386.0,0.4074910795346578
Remich,M,2022,399.0,0.4088240417225939
Remich,M,2023,411.0,0.4095134661179916
Remich,M,2024,418.0,0.4025423728813559
Remich,M,2025,436.0,0.4101444912703191
Roeser,F,2020,581.0,0.6281760190290842
Roeser,F,2021,588.0,0.6207377066486498
Roeser,F,2022,604.0,0.6188714817053803
Roeser,F,2023,631.0,0.6287177545509799
Roeser,F,2024,654.0,0.6298151001540832
Roeser,F,2025,666.0,0.626505117399157
Roeser,M,2020,494.0,0.5341117958698237
Roeser,M,2021,506.0,0.5341722441568313
Roeser,M,2022,532.0,0.5450987222967919
Roeser,M,2023,551.0,0.5490071042117115
Roeser,M,2024,565.0,0.5441063174114021
Roeser,M,2025,575.0,0.5409015653220951
Rosport-Mompach,F,2020,258.0,0.2789490755757379
Rosport-Mompach,F,2021,261.0,0.2755315330532272
Rosport-Mompach,F,2022,272.0,0.2786970910991116
Rosport-Mompach,F,2023,282.0,0.2809800424459213
Rosport-Mompach,F,2024,300.0,0.2889060092449922
Rosport-Mompach,F,2025,314.0,0.2953792895845876
Rosport-Mompach,M,2020,268.0,0.2897610552492161
Rosport-Mompach,M,2021,274.0,0.2892553258872959
Rosport-Mompach,M,2022,279.0,0.2858694427082799
Rosport-Mompach,M,2023,293.0,0.2919402568675707
Rosport-Mompach,M,2024,301.0,0.2898690292758089
Rosport-Mompach,M,2025,305.0,0.2869130042143287
Rumelange,F,2020,448.0,0.4843766893718239
Rumelange,F,2021,455.0,0.4803327491924076
Rumelange,F,2022,454.0,0.4651782329374878
Rumelange,F,2023,420.0,0.4184809142811593
Rumelange,F,2024,420.0,0.4044684129429892
Rumelange,F,2025,427.0,0.4016782059000602
Rumelange,M,2020,348.0,0.3762568926370418
Rumelange,M,2021,352.0,0.3715980828917087
Rumelange,M,2022,365.0,0.3739869053352049
Rumelange,M,2023,364.0,0.3626834590436715
Rumelange,M,2024,374.0,0.3601694915254237
Rumelange,M,2025,378.0,0.3555839855508729
Saeul,F,2020,47.0,0.0508163044653476
Saeul,F,2021,52.0,0.0548951713362751
Saeul,F,2022,54.0,0.0553295695564412
Saeul,F,2023,52.0,0.0518119227205245
Saeul,F,2024,53.0,0.0510400616332819
Saeul,F,2025,55.0,0.0517384105960264
Saeul,M,2020,45.0,0.0486539085306519
Saeul,M,2021,48.0,0.0506724658488693
Saeul,M,2022,52.0,0.053280326239536
Saeul,M,2023,53.0,0.0528083058497653
Saeul,M,2024,58.0,0.0558551617873651
Saeul,M,2025,55.0,0.0517384105960264
Sandweiler,F,2020,290.0,0.3135474105308682
Sandweiler,F,2021,289.0,0.3050904714650677
Sandweiler,F,2022,308.0,0.3155834708034059
Sandweiler,F,2023,315.0,0.3138606857108695
Sandweiler,F,2024,313.0,0.3014252696456086
Sandweiler,F,2025,334.0,0.3141932570740517
Sandweiler,M,2020,258.0,0.2789490755757379
Sandweiler,M,2021,260.0,0.2744758566813757
Sandweiler,M,2022,266.0,0.2725493611483959
Sandweiler,M,2023,271.0,0.2700198280242719
Sandweiler,M,2024,274.0,0.2638674884437596
Sandweiler,M,2025,283.0,0.2662176399759181
Sanem,F,2020,1514.0,1.6369337225646017
Sanem,F,2021,1552.0,1.638409729113443
Sanem,F,2022,1598.0,1.637345410207281
Sanem,F,2023,1634.0,1.6280900331795582
Sanem,F,2024,1688.0,1.6255778120184898
Sanem,F,2025,1731.0,1.6283488862131248
Sanem,M,2020,1301.0,1.4066385555195156
Sanem,M,2021,1324.0,1.3977155163313135
Sanem,M,2022,1355.0,1.388362347203295
Sanem,M,2023,1374.0,1.3690304195769358
Sanem,M,2024,1424.0,1.3713405238828968
Sanem,M,2025,1450.0,1.364012642986153
Schengen,F,2020,402.0,0.4346415828738242
Schengen,F,2021,427.0,0.4507738107805671
Schengen,F,2022,439.0,0.4498089080606985
Schengen,F,2023,454.0,0.4523579406753485
Schengen,F,2024,464.0,0.4468412942989214
Schengen,F,2025,472.0,0.4440096327513546
Schengen,M,2020,374.0,0.4043680397880852
Schengen,M,2021,395.0,0.4169921668813209
Schengen,M,2022,413.0,0.4231687449409305
Schengen,M,2023,424.0,0.4224664467981228
Schengen,M,2024,447.0,0.4304699537750385
Schengen,M,2025,465.0,0.4374247441300421
Schieren,F,2020,143.0,0.1546113093307384
Schieren,F,2021,158.0,0.1667968667525283
Schieren,F,2022,168.0,0.1721364386200395
Schieren,F,2023,168.0,0.1673923657124637
Schieren,F,2024,173.0,0.1666024653312789
Schieren,F,2025,182.0,0.171207104154124
Schieren,M,2020,135.0,0.1459617255919559
Schieren,M,2021,132.0,0.1393492810843907
Schieren,M,2022,145.0,0.1485701404756293
Schieren,M,2023,151.0,0.1504538525153692
Schieren,M,2024,147.0,0.1415639445300462
Schieren,M,2025,154.0,0.1448675496688741
Schifflange,F,2020,959.0,1.0368688506865609
Schifflange,F,2021,971.0,1.0250617570677534
Schifflange,F,2022,978.0,1.0020799819666588
Schifflange,F,2023,1002.0,0.9983758954993376
Schifflange,F,2024,1031.0,0.992873651771957
Schifflange,F,2025,1034.0,0.972682119205298
Schifflange,M,2020,751.0,0.8119796734782139
Schifflange,M,2021,746.0,0.787534573401178
Schifflange,M,2022,750.0,0.7684662438394623
Schifflange,M,2023,786.0,0.7831571395833126
Schifflange,M,2024,808.0,0.7781201848998459
Schifflange,M,2025,826.0,0.7770168573148706
Schuttrange,F,2020,302.0,0.3265217861390421
Schuttrange,F,2021,330.0,0.3483732027109769
Schuttrange,F,2022,349.0,0.3575929587999631
Schuttrange,F,2023,372.0,0.3706545240775983
Schuttrange,F,2024,400.0,0.3852080123266564
Schuttrange,F,2025,410.0,0.3856863335340156
Schuttrange,M,2020,312.0,0.3373337658125203
Schuttrange,M,2021,328.0,0.346261849967274
Schuttrange,M,2022,335.0,0.3432482555816264
Schuttrange,M,2023,345.0,0.3437521795880952
Schuttrange,M,2024,354.0,0.3409090909090909
Schuttrange,M,2025,366.0,0.3442956050571945
Stadtbredimus,F,2020,135.0,0.1459617255919559
Stadtbredimus,F,2021,142.0,0.1499060448029052
Stadtbredimus,F,2022,142.0,0.1454962755002715
Stadtbredimus,F,2023,152.0,0.15145023564461
Stadtbredimus,F,2024,158.0,0.1521571648690292
Stadtbredimus,F,2025,167.0,0.1570966285370258
Stadtbredimus,M,2020,124.0,0.1340685479511298
Stadtbredimus,M,2021,130.0,0.1372379283406878
Stadtbredimus,M,2022,130.0,0.1332008155988401
Stadtbredimus,M,2023,139.0,0.1384972549644789
Stadtbredimus,M,2024,157.0,0.1511941448382126
Stadtbredimus,M,2025,157.0,0.1476896447922938
Steinfort,F,2020,479.0,0.5178938263596065
Steinfort,F,2021,502.0,0.5299495386694255
Steinfort,F,2022,533.0,0.5461233439552445
Steinfort,F,2023,549.0,0.5470143379532298
Steinfort,F,2024,586.0,0.5643297380585517
Steinfort,F,2025,604.0,0.5681818181818182
Steinfort,M,2020,415.0,0.4486971564493459
Steinfort,M,2021,440.0,0.4644976036146359
Steinfort,M,2022,465.0,0.4764490711804666
Steinfort,M,2023,476.0,0.4742783695186473
Steinfort,M,2024,493.0,0.474768875192604
Steinfort,M,2025,513.0,0.4825782661047562
Steinsel,F,2020,637.0,0.6887231052005622
Steinsel,F,2021,637.0,0.6724658488693706
Steinsel,F,2022,648.0,0.6639548346772954
Steinsel,F,2023,661.0,0.6586092484282057
Steinsel,F,2024,692.0,0.6664098613251156
Steinsel,F,2025,708.0,0.6660144491270319
Steinsel,M,2020,465.0,0.5027570548167369
Steinsel,M,2021,480.0,0.5067246584886936
Steinsel,M,2022,490.0,0.502064612641782
Steinsel,M,2023,492.0,0.490220499586501
Steinsel,M,2024,502.0,0.4834360554699537
Steinsel,M,2025,528.0,0.4966887417218543
Strassen,F,2020,749.0,0.8098172775435182
Strassen,F,2021,783.0,0.8265945991596815
Strassen,F,2022,803.0,0.8227711917374511
Strassen,F,2023,812.0,0.8090631009435748
Strassen,F,2024,826.0,0.7954545454545454
Strassen,F,2025,857.0,0.8061785069235401
Strassen,M,2020,596.0,0.6443939885393015
Strassen,M,2021,601.0,0.6344614994827186
Strassen,M,2022,635.0,0.6506347531174115
Strassen,M,2023,642.0,0.6396779689726293
Strassen,M,2024,660.0,0.6355932203389831
Strassen,M,2025,691.0,0.6500225767609873
Tandel,F,2020,135.0,0.1459617255919559
Tandel,F,2021,134.0,0.1414606338280936
Tandel,F,2022,137.0,0.1403731672080084
Tandel,F,2023,142.0,0.1414864043522015
Tandel,F,2024,158.0,0.1521571648690292
Tandel,F,2025,161.0,0.1514524382901866
Tandel,M,2020,140.0,0.1513677154286949
Tandel,M,2021,142.0,0.1499060448029052
Tandel,M,2022,151.0,0.154717870426345
Tandel,M,2023,156.0,0.1554357681615734
Tandel,M,2024,157.0,0.1511941448382126
Tandel,M,2025,156.0,0.1467489464178205
Troisvierges,F,2020,244.0,0.2638123040328683
Troisvierges,F,2021,255.0,0.2691974748221185
Troisvierges,F,2022,262.0,0.2684508745145855
Troisvierges,F,2023,281.0,0.2799836593166804
Troisvierges,F,2024,295.0,0.2840909090909091
Troisvierges,F,2025,303.0,0.2850316074653823
Troisvierges,M,2020,232.0,0.2508379284246945
Troisvierges,M,2021,242.0,0.2554736819880497
Troisvierges,M,2022,256.0,0.2623031445638698
Troisvierges,M,2023,278.0,0.2769945099289579
Troisvierges,M,2024,306.0,0.2946841294298921
Troisvierges,M,2025,306.0,0.2878537025888019
Useldange,F,2020,128.0,0.1383933398205211
Useldange,F,2021,137.0,0.1446276629436479
Useldange,F,2022,140.0,0.1434470321833663
Useldange,F,2023,148.0,0.1474647031276466
Useldange,F,2024,160.0,0.1540832049306625
Useldange,F,2025,158.0,0.148630343166767
Useldange,M,2020,109.0,0.1178505784409125
Useldange,M,2021,120.0,0.1266811646221734
Useldange,M,2022,133.0,0.1362746805741979
Useldange,M,2023,142.0,0.1414864043522015
Useldange,M,2024,146.0,0.1406009244992296
Useldange,M,2025,154.0,0.1448675496688741
VallÃ©e de l'Ernz,F,2020,167.0,0.1805600605470861
VallÃ©e de l'Ernz,F,2021,172.0,0.1815763359584485
VallÃ©e de l'Ernz,F,2022,177.0,0.1813580335461131
VallÃ©e de l'Ernz,F,2023,176.0,0.1753634307463906
VallÃ©e de l'Ernz,F,2024,186.0,0.1791217257318952
VallÃ©e de l'Ernz,F,2025,195.0,0.1834361830222757
VallÃ©e de l'Ernz,M,2020,144.0,0.1556925072980862
VallÃ©e de l'Ernz,M,2021,153.0,0.1615184848932711
VallÃ©e de l'Ernz,M,2022,158.0,0.1618902220355134
VallÃ©e de l'Ernz,M,2023,172.0,0.1713778982294271
VallÃ©e de l'Ernz,M,2024,184.0,0.1771956856702619
VallÃ©e de l'Ernz,M,2025,193.0,0.1815547862733293
Vianden,F,2020,212.0,0.2292139690777381
Vianden,F,2021,218.0,0.230137449063615
Vianden,F,2022,230.0,0.2356629814441017
Vianden,F,2023,233.0,0.2321572691131193
Vianden,F,2024,225.0,0.2166795069337442
Vianden,F,2025,230.0,0.216360626128838
Vianden,M,2020,140.0,0.1513677154286949
Vianden,M,2021,155.0,0.163629837636974
Vianden,M,2022,156.0,0.1598409787186081
Vianden,M,2023,166.0,0.165399599453982
Vianden,M,2024,173.0,0.1666024653312789
Vianden,M,2025,193.0,0.1815547862733293
Vichten,F,2020,75.0,0.0810898475510866
Vichten,F,2021,79.0,0.0833984333762641
Vichten,F,2022,85.0,0.0870928409684723
Vichten,F,2023,88.0,0.0876817153731953
Vichten,F,2024,96.0,0.0924499229583975
Vichten,F,2025,103.0,0.0968919325707405
Vichten,M,2020,79.0,0.0854146394204778
Vichten,M,2021,84.0,0.0886768152355214
Vichten,M,2022,87.0,0.0891420842853776
Vichten,M,2023,87.0,0.0866853322439544
Vichten,M,2024,90.0,0.0866718027734976
Vichten,M,2025,96.0,0.090307043949428
Wahl,F,2020,68.0,0.0735214617796518
Wahl,F,2021,71.0,0.0749530224014526
Wahl,F,2022,72.0,0.0737727594085883
Wahl,F,2023,0.0,0.0
Wahl,F,2024,0.0,0.0
Wahl,F,2025,0.0,0.0
Wahl,M,2020,58.0,0.0627094821061736
Wahl,M,2021,57.0,0.0601735531955323
Wahl,M,2022,58.0,0.0594280561902517
Wahl,M,2023,0.0,0.0
Wahl,M,2024,0.0,0.0
Wahl,M,2025,0.0,0.0
Waldbillig,F,2020,95.0,0.102713806898043
Waldbillig,F,2021,98.0,0.1034562844414416
Waldbillig,F,2022,103.0,0.1055360308206194
Waldbillig,F,2023,107.0,0.1066129948287715
Waldbillig,F,2024,117.0,0.112673343605547
Waldbillig,F,2025,128.0,0.1204093919325707
Waldbillig,M,2020,86.0,0.0929830251919126
Waldbillig,M,2021,93.0,0.0981779025821844
Waldbillig,M,2022,98.0,0.1004129225283564
Waldbillig,M,2023,104.0,0.103623845441049
Waldbillig,M,2024,111.0,0.1068952234206471
Waldbillig,M,2025,118.0,0.1110024081878386
Waldbredimus,F,2020,96.0,0.1037950048653908
Waldbredimus,F,2021,99.0,0.104511960813293
Waldbredimus,F,2022,100.0,0.1024621658452616
Waldbredimus,F,2023,0.0,0.0
Waldbredimus,F,2024,0.0,0.0
Waldbredimus,F,2025,0.0,0.0
Waldbredimus,M,2020,94.0,0.1016326089306952
Waldbredimus,M,2021,92.0,0.0971222262103329
Waldbredimus,M,2022,97.0,0.0993883008699037
Waldbredimus,M,2023,3.0,0.0029891493877225
Waldbredimus,M,2024,3.0,0.0028890600924499
Waldbredimus,M,2025,3.0,0.0028220951234196
Walferdange,F,2020,788.0,0.8519839982700832
Walferdange,F,2021,780.0,0.8234275700441271
Walferdange,F,2022,775.0,0.7940817853007777
Walferdange,F,2023,787.0,0.7841535227125533
Walferdange,F,2024,807.0,0.7771571648690293
Walferdange,F,2025,816.0,0.7676098735701384
Walferdange,M,2020,554.0,0.5989836739106931
Walferdange,M,2021,562.0,0.5932901209805121
Walferdange,M,2022,566.0,0.5799358586841808
Walferdange,M,2023,581.0,0.5788985980889372
Walferdange,M,2024,590.0,0.5681818181818182
Walferdange,M,2025,599.0,0.563478326309452
Weiler-la-Tour,F,2020,160.0,0.1729916747756514
Weiler-la-Tour,F,2021,165.0,0.1741866013554884
Weiler-la-Tour,F,2022,166.0,0.1700871953031343
Weiler-la-Tour,F,2023,175.0,0.1743670476171497
Weiler-la-Tour,F,2024,176.0,0.1694915254237288
Weiler-la-Tour,F,2025,179.0,0.1683850090307043
Weiler-la-Tour,M,2020,160.0,0.1729916747756514
Weiler-la-Tour,M,2021,166.0,0.1752422777273399
Weiler-la-Tour,M,2022,170.0,0.1741856819369447
Weiler-la-Tour,M,2023,179.0,0.1783525801341131
Weiler-la-Tour,M,2024,187.0,0.1800847457627118
Weiler-la-Tour,M,2025,191.0,0.1796733895243829
Weiswampach,F,2020,166.0,0.1794788625797383
Weiswampach,F,2021,183.0,0.1931887760488144
Weiswampach,F,2022,183.0,0.1875057634968288
Weiswampach,F,2023,187.0,0.18632364516804
Weiswampach,F,2024,203.0,0.1954930662557781
Weiswampach,F,2025,202.0,0.1900210716435882
Weiswampach,M,2020,145.0,0.1567737052654341
Weiswampach,M,2021,162.0,0.1710195722399341
Weiswampach,M,2022,178.0,0.1823826552045657
Weiswampach,M,2023,196.0,0.1952910933312077
Weiswampach,M,2024,210.0,0.2022342064714946
Weiswampach,M,2025,220.0,0.2069536423841059
Wiltz,F,2020,540.0,0.5838469023678236
Wiltz,F,2021,566.0,0.597512826467918
Wiltz,F,2022,597.0,0.6116991300962119
Wiltz,F,2023,635.0,0.6327032870679433
Wiltz,F,2024,630.0,0.6067026194144838
Wiltz,F,2025,646.0,0.607691149909693
Wiltz,M,2020,483.0,0.5222186182289977
Wiltz,M,2021,488.0,0.5151700694635053
Wiltz,M,2022,489.0,0.5010399909833294
Wiltz,M,2023,524.0,0.5221047597222084
Wiltz,M,2024,547.0,0.5267719568567026
Wiltz,M,2025,556.0,0.5230282962071042
Wincrange,F,2020,340.0,0.3676073088982592
Wincrange,F,2021,355.0,0.374765112007263
Wincrange,F,2022,343.0,0.3514452288492474
Wincrange,F,2023,347.0,0.3457449458465769
Wincrange,F,2024,367.0,0.3534283513097072
Wincrange,F,2025,377.0,0.3546432871763997
Wincrange,M,2020,326.0,0.3524705373553898
Wincrange,M,2021,341.0,0.3599856428013428
Wincrange,M,2022,352.0,0.3606668237753209
Wincrange,M,2023,381.0,0.379621972240766
Wincrange,M,2024,411.0,0.3958012326656394
Wincrange,M,2025,434.0,0.4082630945213727
Winseler,F,2020,124.0,0.1340685479511298
Winseler,F,2021,123.0,0.1298481937377277
Winseler,F,2022,123.0,0.1260284639896718
Winseler,F,2023,129.0,0.1285334236720703
Winseler,F,2024,139.0,0.1338597842835131
Winseler,F,2025,147.0,0.1382826610475617
Winseler,M,2020,139.0,0.1502865174613472
Winseler,M,2021,138.0,0.1456833393154994
Winseler,M,2022,155.0,0.1588163570601555
Winseler,M,2023,162.0,0.1614140669370186
Winseler,M,2024,160.0,0.1540832049306625
Winseler,M,2025,160.0,0.1505117399157134
Wormeldange,F,2020,263.0,0.284355065412477
Wormeldange,F,2021,275.0,0.2903110022591474
Wormeldange,F,2022,288.0,0.2950910376343535
Wormeldange,F,2023,291.0,0.289947490609089
Wormeldange,F,2024,301.0,0.2898690292758089
Wormeldange,F,2025,309.0,0.2906757977122215
Wormeldange,M,2020,239.0,0.2584063141961293
Wormeldange,M,2021,250.0,0.2639190929628613
Wormeldange,M,2022,267.0,0.2735739828068486
Wormeldange,M,2023,274.0,0.2730089774119945
Wormeldange,M,2024,287.0,0.276386748844376
Wormeldange,M,2025,289.0,0.2718618302227573
